,Random Forest,Gradient Boosting,XGBoost,LightGBM
Random Forest,1.0,0.7987142022209235,0.7567504383401521,0.5595755268878653
Gradient Boosting,0.7987142022209235,1.0,0.8909409701928699,0.5306213758598516
XGBoost,0.7567504383401521,0.8909409701928699,1.0,0.4549311305462156
LightGBM,0.5595755268878653,0.5306213758598515,0.4549311305462156,1.0
