,Decision Tree,Random Forest,Gradient Boosting,XGBoost,LightGBM
Decision Tree,1.0,0.3228993166145555,0.5131667452134654,0.49279556276593234,0.5106000665246625
Random Forest,0.3228993166145555,1.0,0.5157218001168908,0.6036236119228522,0.19825748728454953
Gradient Boosting,0.5131667452134654,0.5157218001168908,1.0,0.843366452367037,0.5514136867993813
XGBoost,0.49279556276593234,0.6036236119228522,0.843366452367037,1.0,0.3439172427264645
LightGBM,0.5106000665246625,0.19825748728454953,0.5514136867993813,0.3439172427264645,1.0
