,Decision Tree,Random Forest,Gradient Boosting,XGBoost,LightGBM
Decision Tree,1.0,0.3716757268608332,0.5691741198570206,0.5319422535242088,0.40042692661487644
Random Forest,0.3716757268608332,1.0,0.4869082407948569,0.5704850964348336,0.18097829911390084
Gradient Boosting,0.5691741198570206,0.4869082407948569,1.0,0.8504383401519581,0.546384887534827
XGBoost,0.5319422535242088,0.5704850964348336,0.8504383401519581,1.0,0.27170134631106313
LightGBM,0.4004269266148764,0.18097829911390084,0.546384887534827,0.27170134631106313,1.0
