,Decision Tree,Random Forest,Gradient Boosting,XGBoost,LightGBM
Decision Tree,1.0,0.21211058543449657,0.47033725020429706,0.5099655160969916,0.30584798668696733
Random Forest,0.21211058543449657,1.0,0.5121566335476331,0.6341905318527178,0.24916674990335702
Gradient Boosting,0.470337250204297,0.5121566335476331,1.0,0.7805376972530685,0.5828607321430911
XGBoost,0.5099655160969916,0.6341905318527178,0.7805376972530685,1.0,0.34766977506463487
LightGBM,0.3058479866869673,0.249166749903357,0.582860732143091,0.34766977506463487,1.0
