,Decision Tree,Random Forest,Gradient Boosting,XGBoost,LightGBM
Decision Tree,1.0,0.346995134390261,0.5514107453941245,0.5831470361089488,0.4068297521836542
Random Forest,0.3469951343902609,1.0,0.499532437171245,0.554938632378726,0.29902938600875595
Gradient Boosting,0.5514107453941245,0.499532437171245,1.0,0.8670368205727647,0.5726523840197012
XGBoost,0.5831470361089488,0.554938632378726,0.8670368205727647,1.0,0.32075199392863335
LightGBM,0.40682975218365414,0.299029386008756,0.5726523840197012,0.3207519939286334,1.0
