,Decision Tree,Random Forest,Gradient Boosting,XGBoost,LightGBM
Decision Tree,1.0,0.35998597291018586,0.5531591569446338,0.5488339479828941,0.502683104844281
Random Forest,0.3599859729101858,1.0,0.47504383401519584,0.5692577440093514,0.24357798284083643
Gradient Boosting,0.5531591569446337,0.47504383401519584,1.0,0.8448860315604911,0.5868387200039311
XGBoost,0.5488339479828942,0.5692577440093514,0.8448860315604911,1.0,0.36992857874182733
LightGBM,0.502683104844281,0.24357798284083643,0.5868387200039311,0.36992857874182733,1.0
