,Decision Tree,Random Forest,Gradient Boosting,XGBoost,LightGBM
Decision Tree,1.0,0.3018878957754684,0.5421123394612719,0.4695189674277517,0.4879889594826249
Random Forest,0.3018878957754684,1.0,0.4957334891876097,0.610929281122151,0.28354220798873114
Gradient Boosting,0.5421123394612719,0.4957334891876097,1.0,0.8272939801285799,0.5560023806234632
XGBoost,0.4695189674277517,0.610929281122151,0.8272939801285799,1.0,0.2803550263170005
LightGBM,0.48798895948262494,0.2835422079887311,0.5560023806234633,0.2803550263170005,1.0
