,Random Forest,Gradient Boosting,XGBoost,LightGBM
Random Forest,1.0,0.7799532437171246,0.7483927527761545,0.5679400594070693
Gradient Boosting,0.7799532437171246,1.0,0.8991817650496787,0.5347451488850534
XGBoost,0.7483927527761545,0.8991817650496787,1.0,0.47859164386102676
LightGBM,0.5679400594070693,0.5347451488850534,0.4785916438610268,1.0
