,Random Forest,Gradient Boosting,XGBoost,LightGBM
Random Forest,1.0,0.7911163062536529,0.7419053185271772,0.5667994413362686
Gradient Boosting,0.7911163062536529,1.0,0.9033313851548803,0.5427587219978572
XGBoost,0.7419053185271772,0.9033313851548803,1.0,0.46589861199622074
LightGBM,0.5667994413362686,0.5427587219978572,0.4658986119962208,1.0
