,Decision Tree,Random Forest,Gradient Boosting,XGBoost,LightGBM
Decision Tree,1.0,0.32704954316771145,0.574514108136524,0.46190267919772227,0.4356312886968359
Random Forest,0.32704954316771145,1.0,0.46931618936294567,0.6014611338398598,0.20054092238357307
Gradient Boosting,0.574514108136524,0.46931618936294567,1.0,0.8085914669783754,0.4904612877947861
XGBoost,0.4619026791977223,0.6014611338398598,0.8085914669783754,1.0,0.15595353258404704
LightGBM,0.4356312886968359,0.20054092238357307,0.49046128779478615,0.15595353258404704,1.0
