,Random Forest,Gradient Boosting,XGBoost,LightGBM
Random Forest,1.0,0.7892460549386325,0.7302162478082994,0.5673634306513852
Gradient Boosting,0.7892460549386325,1.0,0.8910578609000585,0.5518917437183174
XGBoost,0.7302162478082994,0.8910578609000585,1.0,0.4564878821386062
LightGBM,0.5673634306513853,0.5518917437183175,0.45648788213860614,1.0
