,Decision Tree,Random Forest,Gradient Boosting,XGBoost,LightGBM
Decision Tree,1.0,0.27897597803219953,0.5225904503636908,0.5209538848106001,0.33485858905509003
Random Forest,0.27897597803219953,1.0,0.5233196960841614,0.5744009351256575,0.2075458120684011
Gradient Boosting,0.5225904503636908,0.5233196960841614,1.0,0.8373465809468149,0.5141136928050194
XGBoost,0.5209538848106002,0.5744009351256575,0.8373465809468149,1.0,0.2748469050929762
LightGBM,0.33485858905509003,0.20754581206840106,0.5141136928050194,0.2748469050929762,1.0
