,Decision Tree,Random Forest,Gradient Boosting,XGBoost,LightGBM
Decision Tree,1.0,0.40205146192868535,0.5498619208933089,0.48969155019181426,0.5767381796302521
Random Forest,0.40205146192868535,1.0,0.4875511396843952,0.5942723553477499,0.329726952842047
Gradient Boosting,0.5498619208933089,0.4875511396843952,1.0,0.8243717124488604,0.6244810930201096
XGBoost,0.4896915501918142,0.5942723553477499,0.8243717124488604,1.0,0.38534425191135996
LightGBM,0.5767381796302521,0.329726952842047,0.6244810930201096,0.38534425191135996,1.0
