,Decision Tree,Random Forest,Gradient Boosting,XGBoost,LightGBM
Decision Tree,1.0,0.3692532554406494,0.5494958410273587,0.46994008977601726,0.4296828788008573
Random Forest,0.3692532554406494,1.0,0.5075978959672707,0.5669199298655758,0.19063358938198308
Gradient Boosting,0.5494958410273587,0.5075978959672707,1.0,0.8114552893045005,0.5455530362801466
XGBoost,0.4699400897760172,0.5669199298655758,0.8114552893045005,1.0,0.23359121214653789
LightGBM,0.42968287880085737,0.19063358938198308,0.5455530362801466,0.2335912121465379,1.0
